1ROC:BR:1237:1	N:GLY,O:ARG,NE:ARG,NH1:ARG,O:HOH,O:HOH
1ROC:BR:1238:1	O:LEU,O:ASN,N:GLU,N:TYR,O:ARG,O:HOH,O:HOH
1ROC:BR:1239:1	O:ILE,N:LEU,O:LEU,N:ALA,N:GLU,N:LYS,O:HOH,O:HOH
1ROC:BR:1243:1	NZ:LYS,OE1:GLU,O:HOH,O:HOH
1ROC:BR:1244:1	NE:ARG,O:ASN,N:ILE,N:VAL,O:VAL,O:HOH
1ROC:BR:1245:1	OD1:ASN,ND2:ASN,OE1:GLU,O:HOH
1W99:BR:4625:1	NE:ARG,OE1:GLU,N:TYR,O:TYR,O:HOH
1W99:BR:4626:1	O:VAL,N:HIS,N:LEU,OH:TYR,O:HOH,O:HOH,O:HOH
1W99:BR:4627:1	O:SER,N:GLY,O:GLY,O:HOH,O:HOH,O:HOH
1W99:BR:4628:1	O:PRO,N:ALA,O:ALA,O:HOH,O:HOH,O:HOH,O:HOH
1W99:BR:4629:1	OE1:GLN,NE2:GLN,OG:SER,N:ILE,O:ILE,O:HOH
1W99:BR:4631:1	N:GLN,O:GLN,N:GLY,O:HOH,O:HOH
1W99:BR:4632:1	ND2:ASN,NE:ARG,OE1:GLN,NE2:GLN
1W99:BR:4633:1	O:LEU,N:ALA,N:SER,N:SER,N:SER,O:SER,O:SER,O:SER,OG:SER,O:HOH,O:HOH,O:HOH
1W99:BR:4634:1	NE:ARG,NH1:ARG,NE:ARG,O:HOH,O:HOH
1W99:BR:4635:1	O:ASN,O:THR,N:PRO,N:ASN,ND2:ASN,N:GLN,OE1:GLN,O:HOH
1W99:BR:4637:1	O:LYS,NH1:ARG,NE2:GLN,O:HOH
1W99:BR:4638:1	O:ALA,N:HIS,ND1:HIS,OG1:THR,O:HOH,O:HOH,O:HOH,O:HOH,O:HOH,O:HOH
1W99:BR:4639:1	O:ARG,N:VAL,N:TRP,NE1:TRP
1W99:BR:4640:1	O:SER,N:SER,OG:SER,O:HOH,O:HOH
1W99:BR:4641:1	O:PHE,N:MET,O:MET,SD:MET
1W99:BR:4642:1	O:SER,OG:SER,N:ARG,O:ARG,N:PRO
1W99:BR:4644:1	O:THR,N:ARG,N:ASP,OD2:ASP,OH:TYR,OH:TYR,NZ:LYS,O:HOH,O:HOH,O:HOH,O:HOH,O:HOH
1W99:BR:4645:1	O:ARG,N:ARG,NE:ARG,O:HOH,O:HOH,O:HOH,O:HOH
1W99:BR:4646:1	O:GLY,O:MET,N:THR,N:SER,OG:SER
1W99:BR:4648:1	O:THR,N:ALA,O:ALA,OG1:THR,O:HOH,O:HOH,O:HOH,O:HOH
1W99:BR:4649:1	NZ:LYS,O:ILE,OD1:ASP,N:ASN,OD1:ASN,ND2:ASN,N:THR,O:HOH
3FPJ:BR:4240:1	NE:ARG,NH1:ARG,O:HOH,O:HOH,O:HOH,O:HOH
3FPJ:BR:4241:2	OD1:ASP,N:PHE,N:GLU,OE2:GLU,NH2:ARG,O:HOH,O:HOH
3FPJ:BR:4288:1	N:SER,O:SER,OG:SER,N:PRO,N:TRP,N:GLU,OE1:GLU
4MY6:BR:1803:1	NE2:HIS,O:HIS,N:THR,N:GLY,O:GLY,N:ASN,N:ASN,OD1:ASN
4MY6:BR:1804:1	NE2:GLN,O:HOH
3HFW:CL:2817:1	N:LEU,NZ:LYS,ND1:HIS,NE2:HIS,O:HOH,O:HOH
4C1L:CL:4265:1	N:ALA,NZ:LYS,NE:ARG,NH1:ARG,NH2:ARG,OD2:ASP,ND1:HIS,NE2:HIS,O:HOH,O:HOH,O:HOH,O:HOH
6RBL:CL:1662:1	O:SER,NE:ARG,NH2:ARG,N:LEU,N:ASN,O:HOH
6RBL:CL:1663:1	ND2:ASN,N:ARG,N:GLU,OE1:GLU,O:HOH
6RBL:CL:1664:1	O:LEU,N:THR,OG1:THR,N:THR,OG1:THR,N:ARG,N:LYS,O:HOH,O:HOH,O:HOH,O:HOH
6RBL:CL:1665:1	N:SER,N:ARG
6RBL:CL:1665:1	N:SER,N:ARG

1W50:I:2968:1	O:ILE,N:THR,O:THR,N:GLU,O:GLU,N:SER,OG:SER,O:HOH,O:HOH
1W50:I:2969:1	NE2:HIS,O:SER,N:ASP,OD1:ASP,N:LYS,O:HOH,O:HOH,O:HOH,O:HOH,O:HOH
1W50:I:2970:1	O:ARG,N:ASN,OD1:ASN,ND2:ASN,OE1:GLU,OG:SER,NE2:GLN,O:HOH,O:HOH,O:HOH,O:HOH
1W50:I:2971:1	OD2:ASP,NE:ARG,NH2:ARG,NH2:ARG,O:HOH,O:HOH,O:HOH
3KZ8:I:3473:1	NE:ARG,NH1:ARG,SD:MET,SD:MET,OD2:ASP,O:ARG,O:HIS,OG:SER,O:HOH,O:HOH,O:HOH,O:HOH,O:HOH,O:HOH
3SSL:I:3791:1	N:TRP,O:LEU,O:HOH,O:HOH,O:HOH,O:HOH,O:HOH,O:HOH
3SSL:I:3792:1	OG1:THR,O:HOH,O:HOH
3SSL:I:3793:1	O:TYR,N:ASN,N:TYR,O:TYR,O:SER,N:ALA,N:LEU,O:LEU,O:HOH,O:HOH,O:HOH,O:HOH,O:HOH
3SSL:I:3794:1	O:PHE,N:PHE,O:PHE,N:LYS,O:LEU,N:ASP,N:ASP,OD1:ASP,OD2:ASP,OD2:ASP,O:HOH,O:HOH,O:HOH
4AW7:I:4660:1	O:LEU,N:GLY,O:GLY,N:VAL,O:ASP,O:HOH,O:HOH,O:HOH
4AW7:I:4661:1	O:LYS,NZ:LYS,N:HIS,ND1:HIS,NE2:HIS,ND2:ASN,O:HOH,O:HOH
4AW7:I:4662:1	O:THR,N:ASN,O:ASN,N:SER,OG:SER,OG:SER,O:THR,N:SER,O:HOH
4AW7:I:4663:1	NZ:LYS,O:GLN,O:ASP,N:ASN,N:LEU,O:LEU,N:PHE,O:HOH,O:HOH,O:HOH,O:HOH,O:HOH
4AW7:I:4664:1	O:ASP,N:GLY,ND2:ASN,N:TYR,NH1:ARG,O:HOH,O:HOH
4AW7:I:4665:1	O:GLY,N:VAL,O:HOH
4AW7:I:4666:1	O:MET,N:ALA,N:SER,O:THR,OG1:THR,N:SER,O:SER,N:SER,OG:SER,O:HOH,O:HOH
4AW7:I:4667:1	ND1:HIS,O:SER,N:ASN,OD1:ASN,ND2:ASN,N:PRO,ND2:ASN,O:HOH,O:HOH,O:HOH,O:HOH,O:HOH
4AW7:I:4669:1	ND2:ASN,O:ASN,ND2:ASN,O:ASN,N:THR,OG1:THR,O:HOH
4AW7:I:4670:1	OH:TYR,O:HOH
4AW7:I:4671:1	OE2:GLU,O:HOH
